DIGITAL;PD00003;Curso Java;20.0;100;10.0;PERMANENTE;true
DIGITAL;PD00002;Antivirus 1 Año;15.0;100;10.0;ANUAL;true
DIGITAL;PD00001;Licencia Windows 11;10.0;100;10.0;PERMANENTE;true
DIGITAL;PD00015;Curso SQL;80.0;100;10.0;PERMANENTE;true
FISICO;PF00001;Teclado Mecánico;20.0;50;1.0;5.0;true
FISICO;PF00002;Ratón Gaming;30.0;50;1.1;5.0;true
FISICO;PF00003;Monitor 24;40.0;50;1.2;5.0;true
FISICO;PF00004;Silla Ergonomica;50.0;50;1.3;5.0;true
FISICO;PF00005;Auriculares;60.0;50;1.4;5.0;true
FISICO;PF00006;Microfono;70.0;50;1.5;5.0;true
FISICO;PF00007;Webcam;80.0;50;1.6;5.0;true
FISICO;PF00008;Alfombrilla;90.0;50;1.7000000000000002;5.0;true
FISICO;PF00009;Mando PC;100.0;50;1.8;5.0;true
DIGITAL;PD00014;Curso Python;75.0;100;10.0;ANUAL;true
DIGITAL;PD00013;Libro PDF;70.0;100;10.0;PERMANENTE;true
DIGITAL;PD00012;Plantilla Web;65.0;100;10.0;ANUAL;true
DIGITAL;PD00011;Dominio .com;60.0;100;10.0;PERMANENTE;true
DIGITAL;PD00010;Hosting Web;55.0;100;10.0;ANUAL;true
DIGITAL;PD00009;VPN 1 Año;50.0;100;10.0;PERMANENTE;true
DIGITAL;PD00008;Editor Foto;45.0;100;10.0;ANUAL;true
DIGITAL;PD00007;Editor Video;40.0;100;10.0;PERMANENTE;true
DIGITAL;PD00006;Juego FPS;35.0;100;10.0;ANUAL;true
DIGITAL;PD00005;Juego RPG;30.0;100;10.0;PERMANENTE;true
DIGITAL;PD00004;Suscripcion Nube;25.0;100;10.0;ANUAL;true
FISICO;PF00010;Altavoces;110.0;50;1.9;5.0;true
FISICO;PF00011;Caja PC;120.0;50;2.0;5.0;true
FISICO;PF00012;Fuente 750W;130.0;50;2.1;5.0;true
FISICO;PF00013;Placa Base;140.0;50;2.2;5.0;true
FISICO;PF00014;RAM 16GB;150.0;50;2.3;5.0;true
FISICO;PF00015;SSD 1TB;160.0;50;2.4000000000000004;5.0;true
